{"metadata": {"trained_at": "2025-07-08T03:15:17Z", "engine": "default"}, "scores": [{"iteration": 1, "algorithm": "linear_regression", "mse": 95.31517059806771, "mae": 7.840573333705777, "r2": -9.03317585242818}, {"iteration": 1, "algorithm": "random_forest", "mse": 62.802603009259194, "mae": 6.2702777777777685, "r2": -8.771353023614639}, {"iteration": 1, "algorithm": "decision_tree", "mse": 72.83333333333333, "mae": 6.666666666666667, "r2": -10.205128205128204}, {"iteration": 1, "algorithm": "gradient_boosting", "mse": 72.83333262020268, "mae": 6.666666631634324, "r2": -10.20512820790009}], "results": {"linear_regression": {"iteration": 1, "algorithm": "linear_regression", "mse": 95.31517059806771, "mae": 7.840573333705777, "r2": -9.03317585242818}, "random_forest": {"iteration": 1, "algorithm": "random_forest", "mse": 62.802603009259194, "mae": 6.2702777777777685, "r2": -8.771353023614639}, "decision_tree": {"iteration": 1, "algorithm": "decision_tree", "mse": 72.83333333333333, "mae": 6.666666666666667, "r2": -10.205128205128204}, "gradient_boosting": {"iteration": 1, "algorithm": "gradient_boosting", "mse": 72.83333262020268, "mae": 6.666666631634324, "r2": -10.20512820790009}}}